Configuration,Accuracy (%),F1-Score (%),Quality Corr,Best Val Acc,Δ Accuracy,Δ Quality Corr,Change
Full Model (ViT+GCN+CrossModal+Contrastive),94.44444444444444,94.44384036535273,-0.04684179427287496,0.958139534883721,0.0,0.0,Baseline
Without Contrastive Learning,96.60493827160494,96.60862997550629,0.0,0.9767441860465116,2.1604938271604937,0.04684179427287496,"+2.16%, +0.0468"
Without Cross-Modal (Concat Only),95.98765432098766,96.00577358287396,0.0,0.9767441860465116,1.5432098765432158,0.04684179427287496,"+1.54%, +0.0468"
Without GCN (Flattened MLP),96.60493827160494,96.6153435552251,0.0,0.9813953488372092,2.1604938271604937,0.04684179427287496,"+2.16%, +0.0468"
ResNet-18 instead of ViT,95.06172839506173,95.05441391261239,0.0,0.986046511627907,0.617283950617292,0.04684179427287496,"+0.62%, +0.0468"
Visual Only (No Skeleton),94.1358024691358,94.13330120271306,-0.01976818840455466,0.9767441860465116,-0.308641975308646,0.027073605868320298,"-0.31%, +0.0271"
Skeleton Only (No Visual),25.0,19.14334804252353,0.0,0.26046511627906976,-69.44444444444444,0.04684179427287496,"-69.44%, +0.0468"
